hexagonID,orders,couriers,capacity,demand_observations,neighbors,fleet_size,pool_benefit,is_hub,fleet_pool,required_fleet,is_receiver,is_provider,is_balanced
888e62c0e7fffff,4,2,-2,"[2, 1, 2, 4, 2, 4, 5, 3, 5, 2]","[""888e62c0e7fffff"", ""888e62c0e5fffff"", ""888e62c1dbfffff"", ""888e62c0adfffff"", ""888e62c0a9fffff"", ""888e62c0e3fffff"", ""888e62c0e1fffff""]","Main.Models.FleetSize(Distributions.Poisson{Float64}(λ=4.282686539480766), 4, 0)",0.4795702728155393,true,"Dict{Symbol, Real}(:safety_fleet => 0)",4,true,false,false
888e62c707fffff,11,11,0,"[16, 6, 11, 9, 8, 10, 8, 9, 12, 15]",String[],"Main.Models.FleetSize(Distributions.Poisson{Float64}(λ=12.601340699500536), 12, 0)",0.3928359505382013,false,"Dict{Symbol, Real}()",12,true,false,false
888e62c1d5fffff,11,6,-5,"[4, 14, 12, 12, 11, 7, 9, 17, 10, 10]","[""888e62c1d5fffff"", ""888e62c1c3fffff"", ""888e62c189fffff"", ""888e62c18bfffff"", ""888e62c1d7fffff"", ""888e62c1d1fffff"", ""888e62c1ddfffff""]","Main.Models.FleetSize(Distributions.Poisson{Float64}(λ=8.678411476682554), 13, 0)",0.4447231189567139,true,"Dict{Symbol, Real}(:safety_fleet => 1)",14,true,false,false
888e62c095fffff,2,2,0,"[0, 1, 0, 2, 2, 1, 1, 0, 2, 0]",String[],"Main.Models.FleetSize(Distributions.Poisson{Float64}(λ=0.4115373097378334), 2, 0)",0.5941482282047371,false,"Dict{Symbol, Real}()",2,true,false,false
888e62c085fffff,1,2,1,"[1, 2, 3, 1, 0, 0, 4, 1, 1, 1]",String[],"Main.Models.FleetSize(Distributions.Poisson{Float64}(λ=2.3489621121835578), 2, 0)",0.5464655422659321,false,"Dict{Symbol, Real}()",1,true,false,false
888e62c50dfffff,1,7,6,"[1, 3, 0, 2, 0, 1, 1, 1, 1, 2]",String[],"Main.Models.FleetSize(Distributions.Poisson{Float64}(λ=2.0961585048176956), 2, 0)",0.549597004041923,false,"Dict{Symbol, Real}()",-4,false,true,false
888e62c1d3fffff,12,12,0,"[13, 10, 11, 10, 11, 13, 14, 7, 15, 13]",String[],"Main.Models.FleetSize(Distributions.Poisson{Float64}(λ=9.676218773917968), 14, 0)",0.4456190669661457,false,"Dict{Symbol, Real}()",14,true,false,false
888e62c0b1fffff,36,9,-27,"[46, 33, 36, 35, 29, 30, 28, 34, 36, 37]",String[],"Main.Models.FleetSize(Distributions.Poisson{Float64}(λ=30.860430441224583), 38, 28)",0.5511256077924711,false,"Dict{Symbol, Real}()",66,true,false,false
888e62c1ddfffff,2,4,2,"[3, 1, 1, 4, 2, 0, 2, 0, 2, 3]",String[],"Main.Models.FleetSize(Distributions.Poisson{Float64}(λ=1.0667940780399527), 3, 0)",0.4447231189567139,false,"Dict{Symbol, Real}()",1,true,false,false
888e62c0b3fffff,16,10,-6,"[17, 21, 13, 17, 18, 15, 14, 17, 12, 17]",String[],"Main.Models.FleetSize(Distributions.Poisson{Float64}(λ=18.7879506629589), 18, 3)",0.5933258822097152,false,"Dict{Symbol, Real}()",21,true,false,false
888e62c223fffff,3,8,5,"[5, 3, 1, 5, 1, 5, 6, 3, 2, 1]","[""888e62c223fffff"", ""888e62c221fffff"", ""888e62c227fffff"", ""888e62c049fffff"", ""888e62c235fffff"", ""888e62c23dfffff"", ""888e62c22bfffff""]","Main.Models.FleetSize(Distributions.Poisson{Float64}(λ=4.517445207942047), 4, 0)",0.41500524205897504,true,"Dict{Symbol, Real}(:safety_fleet => 0)",-1,false,true,false
888e62c0b9fffff,11,8,-3,"[10, 12, 16, 12, 9, 12, 7, 10, 9, 10]",String[],"Main.Models.FleetSize(Distributions.Poisson{Float64}(λ=8.76890821970358), 13, 0)",0.5340049392274568,false,"Dict{Symbol, Real}()",13,true,false,false
888e62c09bfffff,1,2,1,"[0, 1, 2, 2, 2, 1, 0, 2, 1, 1]",String[],"Main.Models.FleetSize(Distributions.Poisson{Float64}(λ=2.0961585048176956), 2, 0)",0.5857134624207994,false,"Dict{Symbol, Real}()",1,true,false,false
888e62ce4bfffff,8,3,-5,"[8, 11, 7, 9, 11, 10, 10, 8, 8, 7]","[""888e62ce4bfffff"", ""888e62ce49fffff"", ""888e62ce41fffff"", ""888e62ce43fffff"", ""888e62ce5dfffff"", ""888e62c0b7fffff"", ""888e62c0b5fffff""]","Main.Models.FleetSize(Distributions.Poisson{Float64}(λ=7.147430814235078), 11, 0)",0.4631254748646948,true,"Dict{Symbol, Real}(:safety_fleet => 7)",18,true,false,false
888e62c081fffff,2,2,0,"[1, 2, 4, 4, 4, 1, 2, 3, 1, 3]",String[],"Main.Models.FleetSize(Distributions.Poisson{Float64}(λ=1.6178681847829326), 4, 0)",0.5382503196206943,false,"Dict{Symbol, Real}()",4,true,false,false
888e62c559fffff,1,1,0,"[1, 0, 0, 2, 1, 1, 1, 0, 1, 1]",String[],"Main.Models.FleetSize(Distributions.Poisson{Float64}(λ=0.3453832176748503), 2, 0)",0.338682970721488,false,"Dict{Symbol, Real}()",2,true,false,false
888e62c56dfffff,5,8,3,"[8, 8, 3, 2, 5, 3, 4, 5, 0, 7]",String[],"Main.Models.FleetSize(Distributions.Poisson{Float64}(λ=3.2823308788234473), 6, 0)",0.5959995465775625,false,"Dict{Symbol, Real}()",3,true,false,false
888e62c097fffff,6,4,-2,"[4, 9, 7, 4, 7, 8, 5, 2, 4, 5]",String[],"Main.Models.FleetSize(Distributions.Poisson{Float64}(λ=7.159005997595937), 7, 0)",0.5603382956264737,false,"Dict{Symbol, Real}()",7,true,false,false
888e62c517fffff,3,4,1,"[1, 4, 2, 3, 5, 6, 3, 4, 1, 4]","[""888e62c517fffff"", ""888e62c515fffff"", ""888e62c53bfffff"", ""888e62c5edfffff"", ""888e62c5e9fffff"", ""888e62c513fffff"", ""888e62c511fffff""]","Main.Models.FleetSize(Distributions.Poisson{Float64}(λ=2.271568157272984), 5, 0)",0.4224004170867376,true,"Dict{Symbol, Real}(:safety_fleet => 0)",4,true,false,false
888e62c711fffff,11,5,-6,"[14, 7, 7, 5, 13, 14, 12, 13, 10, 10]",String[],"Main.Models.FleetSize(Distributions.Poisson{Float64}(λ=12.710890186883583), 12, 0)",0.0,false,"Dict{Symbol, Real}()",12,true,false,false
888e62c541fffff,2,1,-1,"[1, 0, 0, 2, 2, 4, 1, 0, 1, 2]",String[],"Main.Models.FleetSize(Distributions.Poisson{Float64}(λ=2.2230395918158874), 2, 0)",0.5764817182869497,false,"Dict{Symbol, Real}()",2,true,false,false
888e62c033fffff,1,3,2,"[1, 0, 0, 1, 0, 1, 1, 0, 1, 1]",String[],"Main.Models.FleetSize(Distributions.Poisson{Float64}(λ=1.3059474022518684), 1, 0)",0.288008410184452,false,"Dict{Symbol, Real}()",-1,false,true,false
888e62c549fffff,3,1,-2,"[4, 1, 1, 5, 6, 4, 1, 0, 3, 3]","[""888e62c549fffff"", ""888e62c727fffff"", ""888e62c54dfffff"", ""888e62c541fffff"", ""888e62c54bfffff"", ""888e62c735fffff"", ""888e62c723fffff""]","Main.Models.FleetSize(Distributions.Poisson{Float64}(λ=4.046779594326819), 4, 0)",0.47303572867987076,true,"Dict{Symbol, Real}(:safety_fleet => 23)",27,true,false,false
888e62c04bfffff,6,4,-2,"[9, 3, 4, 7, 6, 3, 4, 6, 8, 6]",String[],"Main.Models.FleetSize(Distributions.Poisson{Float64}(λ=7.272065800758496), 7, 0)",0.26148774168950595,false,"Dict{Symbol, Real}()",7,true,false,false
888e62c569fffff,6,7,1,"[8, 2, 3, 12, 6, 7, 8, 4, 3, 6]",String[],"Main.Models.FleetSize(Distributions.Poisson{Float64}(λ=7.610570136257578), 7, 0)",0.5660625800021347,false,"Dict{Symbol, Real}()",6,true,false,false
888e62c557fffff,12,9,-3,"[14, 18, 8, 10, 16, 8, 12, 10, 15, 14]",String[],"Main.Models.FleetSize(Distributions.Poisson{Float64}(λ=10.404889907250023), 15, 0)",0.41861610150055795,false,"Dict{Symbol, Real}()",15,true,false,false
888e62c46dfffff,2,2,0,"[0, 6, 1, 2, 3, 2, 1, 2, 2, 4]",String[],"Main.Models.FleetSize(Distributions.Poisson{Float64}(λ=3.4511292894833034), 3, 0)",0.44542884224593426,false,"Dict{Symbol, Real}()",3,true,false,false
888e62c56bfffff,5,4,-1,"[9, 5, 5, 1, 2, 5, 4, 4, 3, 5]","[""888e62c56bfffff"", ""888e62c569fffff"", ""888e62c561fffff"", ""888e62c563fffff"", ""888e62c50dfffff"", ""888e62c547fffff"", ""888e62c545fffff""]","Main.Models.FleetSize(Distributions.Poisson{Float64}(λ=3.1119313211967183), 6, 0)",0.5911155772055703,true,"Dict{Symbol, Real}(:safety_fleet => 11)",17,true,false,false
888e62c521fffff,1,10,9,"[0, 1, 0, 2, 2, 2, 1, 0, 0, 0]",String[],"Main.Models.FleetSize(Distributions.Poisson{Float64}(λ=0.3453832176748503), 2, 0)",0.4380286574349933,false,"Dict{Symbol, Real}()",-7,false,true,false
888e62c083fffff,8,7,-1,"[6, 8, 5, 6, 5, 6, 3, 6, 6, 7]",String[],"Main.Models.FleetSize(Distributions.Poisson{Float64}(λ=7.497844974469458), 7, 0)",0.5846374662033412,false,"Dict{Symbol, Real}()",7,true,false,false
888e62c565fffff,9,7,-2,"[10, 11, 10, 9, 6, 8, 16, 12, 7, 9]",String[],"Main.Models.FleetSize(Distributions.Poisson{Float64}(λ=7.956113707434764), 12, 0)",0.5740692119784424,false,"Dict{Symbol, Real}()",12,true,false,false
888e62c09dfffff,7,3,-4,"[3, 13, 6, 6, 7, 3, 4, 8, 9, 6]",String[],"Main.Models.FleetSize(Distributions.Poisson{Float64}(λ=8.284783581587156), 8, 0)",0.5576997639967903,false,"Dict{Symbol, Real}()",8,true,false,false
888e62c543fffff,7,8,1,"[9, 9, 8, 2, 10, 6, 6, 5, 7, 8]",String[],"Main.Models.FleetSize(Distributions.Poisson{Float64}(λ=5.456843410794551), 9, 0)",0.5537902987150425,false,"Dict{Symbol, Real}()",8,true,false,false
888e62c555fffff,5,3,-2,"[3, 4, 5, 6, 5, 4, 2, 7, 8, 6]","[""888e62c555fffff"", ""888e62c543fffff"", ""888e62c509fffff"", ""888e62c50bfffff"", ""888e62c557fffff"", ""888e62c551fffff"", ""888e62c55dfffff""]","Main.Models.FleetSize(Distributions.Poisson{Float64}(λ=6.59187666643368), 6, 0)",0.548383184053287,true,"Dict{Symbol, Real}(:safety_fleet => 0)",6,true,false,false
888e62c731fffff,6,5,-1,"[7, 6, 5, 4, 4, 9, 12, 8, 4, 6]",String[],"Main.Models.FleetSize(Distributions.Poisson{Float64}(λ=8.284783581587156), 8, 0)",0.5307942583474314,false,"Dict{Symbol, Real}()",8,true,false,false
888e62ce59fffff,11,9,-2,"[12, 15, 15, 15, 17, 16, 12, 5, 7, 8]",String[],"Main.Models.FleetSize(Distributions.Poisson{Float64}(λ=14.566816985166705), 14, 0)",0.4926485104629048,false,"Dict{Symbol, Real}()",14,true,false,false
888e62c0b7fffff,17,6,-11,"[14, 24, 16, 20, 12, 14, 21, 19, 20, 19]",String[],"Main.Models.FleetSize(Distributions.Poisson{Float64}(λ=20.72296470893586), 20, 7)",0.5663641140176154,false,"Dict{Symbol, Real}()",27,true,false,false
888e62c509fffff,8,3,-5,"[15, 8, 7, 15, 10, 6, 8, 8, 3, 7]",String[],"Main.Models.FleetSize(Distributions.Poisson{Float64}(λ=10.731417858252382), 10, 0)",0.5787170169418693,false,"Dict{Symbol, Real}()",10,true,false,false
888e62c0c5fffff,4,3,-1,"[9, 4, 2, 6, 6, 3, 6, 6, 5, 4]",String[],"Main.Models.FleetSize(Distributions.Poisson{Float64}(λ=3.797284983829077), 7, 0)",0.47950795684570047,false,"Dict{Symbol, Real}()",7,true,false,false
888e62c1d1fffff,12,3,-9,"[12, 8, 13, 11, 17, 13, 11, 13, 13, 13]",String[],"Main.Models.FleetSize(Distributions.Poisson{Float64}(λ=14.78443140893931), 14, 1)",0.5110392765743014,false,"Dict{Symbol, Real}()",15,true,false,false
888e62c1cdfffff,3,5,2,"[3, 5, 3, 0, 2, 4, 1, 3, 3, 5]","[""888e62c1cdfffff"", ""888e62c11bfffff"", ""888e62c113fffff"", ""888e62c1c5fffff"", ""888e62c1c1fffff"", ""888e62c1c9fffff"", ""888e62c027fffff""]","Main.Models.FleetSize(Distributions.Poisson{Float64}(λ=4.164883743858659), 4, 0)",0.3698115277762273,true,"Dict{Symbol, Real}(:safety_fleet => 0)",2,true,false,false
888e62c561fffff,18,8,-10,"[14, 19, 16, 25, 22, 17, 17, 26, 22, 19]",String[],"Main.Models.FleetSize(Distributions.Poisson{Float64}(λ=22.651373785771668), 22, 11)",0.6012764841255862,false,"Dict{Symbol, Real}()",33,true,false,false
888e62c733fffff,6,4,-2,"[5, 8, 5, 5, 10, 3, 2, 8, 8, 5]","[""888e62c733fffff"", ""888e62c731fffff"", ""888e62c737fffff"", ""888e62c559fffff"", ""888e62c465fffff"", ""888e62c46dfffff"", ""888e62c73bfffff""]","Main.Models.FleetSize(Distributions.Poisson{Float64}(λ=7.610570136257578), 7, 0)",0.5548697392835092,true,"Dict{Symbol, Real}(:safety_fleet => 0)",7,true,false,false
888e62c047fffff,2,1,-1,"[2, 2, 1, 3, 2, 1, 2, 5, 1, 1]",String[],"Main.Models.FleetSize(Distributions.Poisson{Float64}(λ=3.08883779026746), 3, 0)",0.0,false,"Dict{Symbol, Real}()",3,true,false,false
888e62c0abfffff,10,6,-4,"[6, 9, 8, 14, 15, 6, 5, 15, 10, 10]","[""888e62c0abfffff"", ""888e62c0a9fffff"", ""888e62c0a1fffff"", ""888e62c0a3fffff"", ""888e62c0bdfffff"", ""888e62c087fffff"", ""888e62c085fffff""]","Main.Models.FleetSize(Distributions.Poisson{Float64}(λ=7.956113707434764), 12, 0)",0.527598603875622,true,"Dict{Symbol, Real}(:safety_fleet => 0)",12,true,false,false
888e62c54bfffff,26,6,-20,"[18, 19, 20, 18, 30, 19, 27, 22, 33, 30]",String[],"Main.Models.FleetSize(Distributions.Poisson{Float64}(λ=26.81089665128401), 26, 23)",0.48858566161553296,false,"Dict{Symbol, Real}()",49,true,false,false
888e62c50bfffff,5,7,2,"[5, 6, 3, 4, 5, 1, 7, 6, 6, 4]",String[],"Main.Models.FleetSize(Distributions.Poisson{Float64}(λ=6.2500036340646945), 6, 0)",0.5482726684647767,false,"Dict{Symbol, Real}()",4,true,false,false
888e62c08bfffff,1,3,2,"[1, 0, 0, 0, 5, 1, 0, 1, 2, 1]",String[],"Main.Models.FleetSize(Distributions.Poisson{Float64}(λ=1.9682038513301956), 2, 0)",0.4692123990426743,false,"Dict{Symbol, Real}()",0,false,false,true
888e62c703fffff,7,3,-4,"[9, 11, 8, 6, 5, 7, 8, 9, 6, 7]","[""888e62c703fffff"", ""888e62c701fffff"", ""888e62c707fffff"", ""888e62c739fffff"", ""888e62c715fffff"", ""888e62c71dfffff"", ""888e62c70bfffff""]","Main.Models.FleetSize(Distributions.Poisson{Float64}(λ=9.51253329633316), 9, 0)",0.4741392221725642,true,"Dict{Symbol, Real}(:safety_fleet => 0)",9,true,false,false
888e62c751fffff,2,1,-1,"[0, 2, 3, 3, 2, 3, 4, 5, 0, 1]","[""888e62c751fffff"", ""888e62c75dfffff"", ""888e62c755fffff"", ""888e62c757fffff"", ""888e62c753fffff"", ""888e62c75bfffff"", ""888e62c759fffff""]","Main.Models.FleetSize(Distributions.Poisson{Float64}(λ=3.4511292894833034), 3, 0)",0.40842623319863003,true,"Dict{Symbol, Real}(:safety_fleet => 0)",3,true,false,false
888e62c0a3fffff,3,2,-1,"[5, 4, 3, 7, 3, 1, 4, 2, 1, 5]",String[],"Main.Models.FleetSize(Distributions.Poisson{Float64}(λ=2.4378782402519756), 5, 0)",0.5613717667078759,false,"Dict{Symbol, Real}()",5,true,false,false
888e62c0bbfffff,4,4,0,"[1, 3, 2, 7, 3, 3, 6, 3, 3, 2]","[""888e62c0bbfffff"", ""888e62c0b9fffff"", ""888e62c0b1fffff"", ""888e62c0b3fffff"", ""888e62c56dfffff"", ""888e62c097fffff"", ""888e62c095fffff""]","Main.Models.FleetSize(Distributions.Poisson{Float64}(λ=2.271568157272984), 5, 0)",0.565954885172971,true,"Dict{Symbol, Real}(:safety_fleet => 31)",36,true,false,false
888e62cec1fffff,2,1,-1,"[1, 0, 3, 3, 1, 2, 2, 3, 1, 5]",String[],"Main.Models.FleetSize(Distributions.Poisson{Float64}(λ=3.210073073494339), 3, 0)",0.0,false,"Dict{Symbol, Real}()",3,true,false,false
888e62c725fffff,3,6,3,"[3, 7, 5, 3, 3, 4, 0, 2, 2, 3]",String[],"Main.Models.FleetSize(Distributions.Poisson{Float64}(λ=4.517445207942047), 4, 0)",0.5847005202924291,false,"Dict{Symbol, Real}()",1,true,false,false
888e62c721fffff,2,1,-1,"[1, 2, 0, 3, 1, 3, 4, 2, 1, 3]",String[],"Main.Models.FleetSize(Distributions.Poisson{Float64}(λ=3.08883779026746), 3, 0)",0.49017107042889263,false,"Dict{Symbol, Real}()",3,true,false,false
888e62c2c3fffff,3,2,-1,"[3, 5, 4, 2, 2, 4, 4, 3, 2, 4]","[""888e62c2c3fffff"", ""888e62c2c1fffff"", ""888e62c2c7fffff"", ""888e62c289fffff"", ""888e62c2d5fffff"", ""888e62c2ddfffff"", ""888e62c2cbfffff""]","Main.Models.FleetSize(Distributions.Poisson{Float64}(λ=2.271568157272984), 5, 0)",0.3949205464465134,true,"Dict{Symbol, Real}(:safety_fleet => 0)",5,true,false,false
888e62c505fffff,2,1,-1,"[2, 2, 2, 2, 2, 2, 2, 0, 2, 1]",String[],"Main.Models.FleetSize(Distributions.Poisson{Float64}(λ=0.9903126469607288), 3, 0)",0.3804149725439039,false,"Dict{Symbol, Real}()",3,true,false,false
888e62c523fffff,1,2,1,"[0, 3, 1, 3, 1, 1, 0, 1, 2, 3]",String[],"Main.Models.FleetSize(Distributions.Poisson{Float64}(λ=2.4740218871485844), 2, 0)",0.3859837814147091,false,"Dict{Symbol, Real}()",1,true,false,false
888e62c5e9fffff,1,1,0,"[1, 1, 0, 2, 2, 1, 3, 0, 1, 0]",String[],"Main.Models.FleetSize(Distributions.Poisson{Float64}(λ=1.9682038513301956), 2, 0)",0.29243968091772776,false,"Dict{Symbol, Real}()",2,true,false,false
888e62c0e9fffff,1,3,2,"[1, 1, 0, 0, 0, 0, 1, 1, 2, 1]","[""888e62c0e9fffff"", ""888e62c017fffff"", ""888e62c0edfffff"", ""888e62c0e1fffff"", ""888e62c0ebfffff"", ""888e62c0c5fffff"", ""888e62c013fffff""]","Main.Models.FleetSize(Distributions.Poisson{Float64}(λ=1.4422675361702377), 1, 0)",0.4848151087818714,true,"Dict{Symbol, Real}(:safety_fleet => 0)",-1,false,true,false
888e62c563fffff,13,6,-7,"[13, 19, 8, 10, 16, 9, 13, 9, 13, 12]",String[],"Main.Models.FleetSize(Distributions.Poisson{Float64}(λ=14.566816985166705), 14, 0)",0.5405861408629702,false,"Dict{Symbol, Real}()",14,true,false,false
888e62c72dfffff,1,2,1,"[0, 0, 2, 0, 0, 1, 1, 3, 0, 0]",String[],"Main.Models.FleetSize(Distributions.Poisson{Float64}(λ=1.4422675361702377), 1, 0)",0.40831020863840584,false,"Dict{Symbol, Real}()",0,false,false,true
888e62c1c5fffff,1,3,2,"[1, 1, 1, 0, 1, 0, 1, 1, 1, 1]",String[],"Main.Models.FleetSize(Distributions.Poisson{Float64}(λ=0.3453832176748503), 2, 0)",0.3698115277762273,false,"Dict{Symbol, Real}()",0,false,false,true
888e62c091fffff,3,1,-2,"[4, 2, 9, 1, 2, 5, 3, 3, 4, 1]",String[],"Main.Models.FleetSize(Distributions.Poisson{Float64}(λ=2.3545988384572274), 5, 0)",0.5589105104190881,false,"Dict{Symbol, Real}()",5,true,false,false
888e62c08dfffff,1,1,0,"[0, 0, 2, 0, 1, 0, 1, 1, 3, 1]",String[],"Main.Models.FleetSize(Distributions.Poisson{Float64}(λ=0.4115373097378334), 2, 0)",0.5139412762391379,false,"Dict{Symbol, Real}()",2,true,false,false
888e62c0ebfffff,3,3,0,"[1, 2, 6, 1, 2, 4, 3, 4, 6, 1]",String[],"Main.Models.FleetSize(Distributions.Poisson{Float64}(λ=4.282686539480766), 4, 0)",0.5152663062224896,false,"Dict{Symbol, Real}()",4,true,false,false
888e62c527fffff,1,1,0,"[1, 1, 2, 0, 2, 1, 1, 1, 1, 1]","[""888e62c527fffff"", ""888e62c525fffff"", ""888e62ce1bfffff"", ""888e62cecdfffff"", ""888e62cec9fffff"", ""888e62c523fffff"", ""888e62c521fffff""]","Main.Models.FleetSize(Distributions.Poisson{Float64}(λ=1.9682038513301956), 2, 0)",0.3859837814147091,true,"Dict{Symbol, Real}(:safety_fleet => 0)",2,true,false,false
888e62c0a1fffff,3,4,1,"[7, 3, 2, 1, 5, 1, 3, 2, 3, 1]",String[],"Main.Models.FleetSize(Distributions.Poisson{Float64}(λ=4.046779594326819), 4, 0)",0.5118850131447845,false,"Dict{Symbol, Real}()",3,true,false,false
888e62c099fffff,5,1,-4,"[9, 2, 7, 6, 8, 4, 4, 4, 6, 3]","[""888e62c099fffff"", ""888e62c0d7fffff"", ""888e62c09dfffff"", ""888e62c091fffff"", ""888e62c09bfffff"", ""888e62c725fffff"", ""888e62c0d3fffff""]","Main.Models.FleetSize(Distributions.Poisson{Float64}(λ=3.970063693235747), 7, 0)",0.5383245199101161,true,"Dict{Symbol, Real}(:safety_fleet => 0)",7,true,false,false
888e62c0a5fffff,1,2,1,"[1, 0, 0, 1, 0, 2, 2, 0, 1, 0]",String[],"Main.Models.FleetSize(Distributions.Poisson{Float64}(λ=1.4422675361702377), 1, 0)",0.49535929105634235,false,"Dict{Symbol, Real}()",0,false,false,true
888e62c757fffff,12,1,-11,"[8, 16, 14, 6, 15, 17, 14, 9, 19, 7]",String[],"Main.Models.FleetSize(Distributions.Poisson{Float64}(λ=10.404889907250023), 15, 0)",0.4857650726428959,false,"Dict{Symbol, Real}()",15,true,false,false
888e62c52dfffff,7,2,-5,"[5, 7, 1, 4, 12, 4, 12, 3, 12, 6]",String[],"Main.Models.FleetSize(Distributions.Poisson{Float64}(λ=8.39681824425068), 8, 0)",0.35210198323169306,false,"Dict{Symbol, Real}()",8,true,false,false
888e62d597fffff,1,3,2,"[0, 0, 1, 3, 2, 2, 1, 0, 1, 1]","[""888e62d597fffff"", ""888e62d595fffff"", ""888e62d5bbfffff"", ""888e62c66dfffff"", ""888e62c669fffff"", ""888e62d593fffff"", ""888e62d591fffff""]","Main.Models.FleetSize(Distributions.Poisson{Float64}(λ=1.9682038513301956), 2, 0)",0.26310510632074435,true,"Dict{Symbol, Real}(:safety_fleet => 0)",0,false,false,true
888e62c567fffff,10,6,-4,"[11, 5, 9, 11, 14, 13, 9, 9, 7, 9]",String[],"Main.Models.FleetSize(Distributions.Poisson{Float64}(λ=7.866046557423234), 12, 0)",0.5416004577922338,false,"Dict{Symbol, Real}()",12,true,false,false
888e62c70bfffff,5,2,-3,"[7, 7, 5, 3, 11, 6, 3, 5, 4, 2]",String[],"Main.Models.FleetSize(Distributions.Poisson{Float64}(λ=3.970063693235747), 7, 0)",0.4113170664438901,false,"Dict{Symbol, Real}()",7,true,false,false
888e62c289fffff,1,3,2,"[1, 1, 0, 2, 1, 1, 1, 1, 0, 2]",String[],"Main.Models.FleetSize(Distributions.Poisson{Float64}(λ=0.4795388696132434), 2, 0)",0.2459532942386239,false,"Dict{Symbol, Real}()",0,false,false,true
888e62c507fffff,1,1,0,"[1, 0, 0, 0, 4, 0, 0, 1, 2, 0]","[""888e62c507fffff"", ""888e62c505fffff"", ""888e62c52bfffff"", ""888e62c53dfffff"", ""888e62c539fffff"", ""888e62c503fffff"", ""888e62c501fffff""]","Main.Models.FleetSize(Distributions.Poisson{Float64}(λ=0.3453832176748503), 2, 0)",0.3360620583342936,true,"Dict{Symbol, Real}(:safety_fleet => 0)",2,true,false,false
888e62c547fffff,2,1,-1,"[6, 0, 2, 3, 3, 1, 1, 2, 2, 0]",String[],"Main.Models.FleetSize(Distributions.Poisson{Float64}(λ=3.08883779026746), 3, 0)",0.6051038534761285,false,"Dict{Symbol, Real}()",3,true,false,false
888e62c1dbfffff,2,2,0,"[3, 1, 4, 1, 2, 3, 7, 4, 0, 2]",String[],"Main.Models.FleetSize(Distributions.Poisson{Float64}(λ=1.7793170131764775), 4, 0)",0.5162754799586452,false,"Dict{Symbol, Real}()",4,true,false,false
888e62c0b5fffff,2,1,-1,"[1, 1, 1, 4, 2, 0, 0, 3, 0, 0]",String[],"Main.Models.FleetSize(Distributions.Poisson{Float64}(λ=2.0961585048176956), 2, 0)",0.5455427240615518,false,"Dict{Symbol, Real}()",2,true,false,false
888e62c503fffff,7,2,-5,"[10, 11, 9, 5, 5, 5, 7, 10, 3, 4]",String[],"Main.Models.FleetSize(Distributions.Poisson{Float64}(λ=5.368611855684485), 9, 0)",0.4528026112080632,false,"Dict{Symbol, Real}()",9,true,false,false
888e62c087fffff,9,1,-8,"[12, 14, 7, 7, 13, 11, 13, 11, 12, 4]",String[],"Main.Models.FleetSize(Distributions.Poisson{Float64}(λ=12.601340699500536), 12, 0)",0.5706228149445927,false,"Dict{Symbol, Real}()",12,true,false,false
888e62c73bfffff,8,2,-6,"[11, 8, 6, 3, 4, 14, 11, 9, 14, 6]",String[],"Main.Models.FleetSize(Distributions.Poisson{Float64}(λ=10.620930038194718), 10, 0)",0.5366448970715799,false,"Dict{Symbol, Real}()",10,true,false,false
888e62c545fffff,6,1,-5,"[7, 8, 6, 5, 5, 6, 5, 5, 8, 3]",String[],"Main.Models.FleetSize(Distributions.Poisson{Float64}(λ=7.497844974469458), 7, 0)",0.5752022132119363,false,"Dict{Symbol, Real}()",7,true,false,false
888e62c739fffff,1,2,1,"[1, 2, 0, 1, 3, 1, 1, 0, 3, 1]",String[],"Main.Models.FleetSize(Distributions.Poisson{Float64}(λ=2.2230395918158874), 2, 0)",0.5389326573186727,false,"Dict{Symbol, Real}()",1,true,false,false
888e62c54dfffff,2,1,-1,"[3, 2, 1, 2, 4, 2, 5, 5, 2, 1]",String[],"Main.Models.FleetSize(Distributions.Poisson{Float64}(λ=1.7793170131764775), 4, 0)",0.5767868712711923,false,"Dict{Symbol, Real}()",4,true,false,false
888e62c1c3fffff,2,2,0,"[1, 2, 1, 0, 1, 2, 1, 4, 1, 0]",String[],"Main.Models.FleetSize(Distributions.Poisson{Float64}(λ=2.2230395918158874), 2, 0)",0.46500371525913853,false,"Dict{Symbol, Real}()",2,true,false,false
888e62c737fffff,1,2,1,"[3, 1, 1, 2, 0, 0, 1, 3, 1, 0]",String[],"Main.Models.FleetSize(Distributions.Poisson{Float64}(λ=2.0961585048176956), 2, 0)",0.47712395892491777,false,"Dict{Symbol, Real}()",1,true,false,false
888e62c19bfffff,1,1,0,"[1, 0, 0, 0, 1, 1, 2, 1, 0, 0]","[""888e62c19bfffff"", ""888e62c199fffff"", ""888e62c191fffff"", ""888e62c193fffff"", ""888e62ce4dfffff"", ""888e62c0a7fffff"", ""888e62c0a5fffff""]","Main.Models.FleetSize(Distributions.Poisson{Float64}(λ=1.3059474022518684), 1, 0)",0.4082775520137024,true,"Dict{Symbol, Real}(:safety_fleet => 0)",1,true,false,false
888e62c063fffff,1,1,0,"[0, 0, 0, 0, 1, 1, 0, 1, 0, 0]",String[],"Main.Models.FleetSize(Distributions.Poisson{Float64}(λ=0.8767273069742324), 1, 0)",0.0,false,"Dict{Symbol, Real}()",1,true,false,false
888e62c727fffff,4,4,0,"[3, 0, 3, 5, 2, 6, 7, 3, 4, 3]",String[],"Main.Models.FleetSize(Distributions.Poisson{Float64}(λ=2.5213957417315225), 5, 0)",0.5860839595470495,false,"Dict{Symbol, Real}()",5,true,false,false
888e62c753fffff,7,1,-6,"[3, 6, 10, 7, 5, 9, 9, 6, 11, 7]",String[],"Main.Models.FleetSize(Distributions.Poisson{Float64}(λ=9.178654018298154), 9, 0)",0.40842623319863003,false,"Dict{Symbol, Real}()",9,true,false,false
888e62d197fffff,2,1,-1,"[3, 1, 2, 3, 1, 1, 3, 4, 5, 1]","[""888e62d197fffff"", ""888e62d195fffff"", ""888e62d1bbfffff"", ""888e62c26dfffff"", ""888e62c269fffff"", ""888e62d193fffff"", ""888e62d191fffff""]","Main.Models.FleetSize(Distributions.Poisson{Float64}(λ=3.5710097593753205), 3, 0)",0.29213623950402956,true,"Dict{Symbol, Real}(:safety_fleet => 0)",3,true,false,false
888e62c515fffff,1,1,0,"[0, 2, 0, 4, 0, 1, 2, 1, 1, 1]",String[],"Main.Models.FleetSize(Distributions.Poisson{Float64}(λ=2.0961585048176956), 2, 0)",0.40813647516485085,false,"Dict{Symbol, Real}()",2,true,false,false
888e62c445fffff,1,2,1,"[2, 0, 0, 2, 0, 1, 2, 2, 2, 2]",String[],"Main.Models.FleetSize(Distributions.Poisson{Float64}(λ=2.2230395918158874), 2, 0)",0.2290152655936062,false,"Dict{Symbol, Real}()",1,true,false,false
888e62ceddfffff,12,2,-10,"[14, 14, 11, 10, 21, 10, 7, 11, 12, 8]",String[],"Main.Models.FleetSize(Distributions.Poisson{Float64}(λ=9.767171894028696), 14, 0)",0.15300959148121607,false,"Dict{Symbol, Real}()",14,true,false,false
888e62c227fffff,3,1,-2,"[2, 3, 3, 3, 1, 1, 9, 4, 3, 1]",String[],"Main.Models.FleetSize(Distributions.Poisson{Float64}(λ=4.282686539480766), 4, 0)",0.29283029787468284,false,"Dict{Symbol, Real}()",4,true,false,false
888e62ce49fffff,5,1,-4,"[4, 4, 6, 5, 5, 9, 6, 7, 4, 5]",String[],"Main.Models.FleetSize(Distributions.Poisson{Float64}(λ=7.159005997595937), 7, 0)",0.5143558132095716,false,"Dict{Symbol, Real}()",7,true,false,false
888e62c62bfffff,2,1,-1,"[4, 1, 3, 3, 2, 2, 2, 1, 4, 3]","[""888e62c62bfffff"", ""888e62c629fffff"", ""888e62c621fffff"", ""888e62c623fffff"", ""888e62c63dfffff"", ""888e62c607fffff"", ""888e62c605fffff""]","Main.Models.FleetSize(Distributions.Poisson{Float64}(λ=1.6178681847829326), 4, 0)",0.2906747930834881,true,"Dict{Symbol, Real}(:safety_fleet => 0)",4,true,false,false
888e62c0e3fffff,6,1,-5,"[3, 3, 2, 5, 5, 9, 4, 12, 7, 6]",String[],"Main.Models.FleetSize(Distributions.Poisson{Float64}(λ=7.272065800758496), 7, 0)",0.521348319701747,false,"Dict{Symbol, Real}()",7,true,false,false
888e62c22dfffff,1,0,-1,"[2, 2, 0, 1, 1, 1, 0, 1, 1, 3]",String[],"Main.Models.FleetSize(Distributions.Poisson{Float64}(λ=2.0961585048176956), 2, 0)",0.0,false,"Dict{Symbol, Real}()",2,true,false,false
888e62d487fffff,2,0,-2,"[1, 2, 0, 1, 5, 1, 0, 1, 3, 2]",String[],"Main.Models.FleetSize(Distributions.Poisson{Float64}(λ=0.9145382453641524), 3, 0)",0.0,false,"Dict{Symbol, Real}()",3,true,false,false
888e62c5e5fffff,1,0,-1,"[2, 0, 2, 1, 0, 1, 2, 0, 0, 2]",String[],"Main.Models.FleetSize(Distributions.Poisson{Float64}(λ=0.4795388696132434), 2, 0)",0.2533570434331849,false,"Dict{Symbol, Real}()",2,true,false,false
888e628b07fffff,2,0,-2,"[1, 1, 0, 1, 3, 1, 2, 1, 2, 2]",String[],"Main.Models.FleetSize(Distributions.Poisson{Float64}(λ=2.3489621121835578), 2, 0)",0.0,false,"Dict{Symbol, Real}()",2,true,false,false
888e62c017fffff,4,0,-4,"[3, 3, 4, 3, 8, 7, 3, 4, 7, 7]",String[],"Main.Models.FleetSize(Distributions.Poisson{Float64}(λ=6.47805985929183), 6, 0)",0.24874622714557748,false,"Dict{Symbol, Real}()",6,true,false,false
888e62c2d7fffff,1,0,-1,"[0, 2, 2, 1, 1, 4, 1, 2, 3, 0]",String[],"Main.Models.FleetSize(Distributions.Poisson{Float64}(λ=0.9145382453641524), 3, 0)",0.0,false,"Dict{Symbol, Real}()",3,true,false,false
888e62c039fffff,3,0,-3,"[2, 9, 1, 2, 7, 4, 3, 6, 3, 2]",String[],"Main.Models.FleetSize(Distributions.Poisson{Float64}(λ=5.331428386583286), 5, 0)",0.0,false,"Dict{Symbol, Real}()",5,true,false,false
888e62d191fffff,2,0,-2,"[1, 0, 4, 1, 1, 2, 3, 3, 1, 3]",String[],"Main.Models.FleetSize(Distributions.Poisson{Float64}(λ=2.9670853571585596), 3, 0)",0.29213623950402956,false,"Dict{Symbol, Real}()",3,true,false,false
888e62c743fffff,3,0,-3,"[3, 2, 6, 2, 4, 2, 1, 6, 4, 4]",String[],"Main.Models.FleetSize(Distributions.Poisson{Float64}(λ=2.3545988384572274), 5, 0)",0.4138600914366143,false,"Dict{Symbol, Real}()",5,true,false,false
888e62c5d7fffff,2,0,-2,"[3, 2, 1, 2, 3, 3, 1, 4, 1, 2]",String[],"Main.Models.FleetSize(Distributions.Poisson{Float64}(λ=3.3308264387125246), 3, 0)",0.0,false,"Dict{Symbol, Real}()",3,true,false,false
888e62d5bbfffff,5,0,-5,"[4, 8, 0, 6, 5, 3, 7, 6, 7, 4]",String[],"Main.Models.FleetSize(Distributions.Poisson{Float64}(λ=6.59187666643368), 6, 0)",0.26310510632074435,false,"Dict{Symbol, Real}()",6,true,false,false
888e62c533fffff,1,0,-1,"[1, 0, 2, 0, 1, 0, 1, 2, 2, 2]",String[],"Main.Models.FleetSize(Distributions.Poisson{Float64}(λ=1.9682038513301956), 2, 0)",0.2533570434331849,false,"Dict{Symbol, Real}()",2,true,false,false
888e62c0c9fffff,3,0,-3,"[3, 3, 4, 6, 2, 4, 2, 2, 5, 2]","[""888e62c0c9fffff"", ""888e62c2a7fffff"", ""888e62c0cdfffff"", ""888e62c0c1fffff"", ""888e62c0cbfffff"", ""888e62c2b5fffff"", ""888e62c2a3fffff""]","Main.Models.FleetSize(Distributions.Poisson{Float64}(λ=2.271568157272984), 5, 0)",0.28067033230493754,true,"Dict{Symbol, Real}(:safety_fleet => 0)",5,true,false,false
888e62c0c1fffff,3,0,-3,"[2, 3, 1, 2, 2, 2, 1, 1, 2, 2]",String[],"Main.Models.FleetSize(Distributions.Poisson{Float64}(λ=1.0667940780399527), 3, 0)",0.4048904841743828,false,"Dict{Symbol, Real}()",3,true,false,false
888e62d2a7fffff,1,0,-1,"[0, 1, 1, 4, 2, 0, 1, 0, 0, 1]",String[],"Main.Models.FleetSize(Distributions.Poisson{Float64}(λ=0.4795388696132434), 2, 0)",0.0,false,"Dict{Symbol, Real}()",2,true,false,false
888e62c741fffff,1,0,-1,"[2, 1, 0, 0, 0, 0, 3, 2, 2, 1]","[""888e62c741fffff"", ""888e62c74dfffff"", ""888e62c745fffff"", ""888e62c747fffff"", ""888e62c743fffff"", ""888e62c74bfffff"", ""888e62c749fffff""]","Main.Models.FleetSize(Distributions.Poisson{Float64}(λ=1.9682038513301956), 2, 0)",0.4138600914366143,true,"Dict{Symbol, Real}(:safety_fleet => 0)",2,true,false,false
888e62c747fffff,2,0,-2,"[2, 0, 2, 2, 1, 2, 1, 2, 3, 2]",String[],"Main.Models.FleetSize(Distributions.Poisson{Float64}(λ=0.9903126469607288), 3, 0)",0.4138600914366143,false,"Dict{Symbol, Real}()",3,true,false,false
888e62c1c1fffff,5,0,-5,"[9, 3, 6, 4, 3, 7, 5, 5, 3, 8]",String[],"Main.Models.FleetSize(Distributions.Poisson{Float64}(λ=3.970063693235747), 7, 0)",0.4647237946115681,false,"Dict{Symbol, Real}()",7,true,false,false
888e62c0a7fffff,1,0,-1,"[1, 2, 0, 0, 1, 1, 1, 2, 2, 0]",String[],"Main.Models.FleetSize(Distributions.Poisson{Float64}(λ=0.4795388696132434), 2, 0)",0.5576157196529972,false,"Dict{Symbol, Real}()",2,true,false,false
888e62d4a9fffff,1,0,-1,"[1, 2, 1, 0, 0, 1, 1, 3, 1, 1]",String[],"Main.Models.FleetSize(Distributions.Poisson{Float64}(λ=1.9682038513301956), 2, 0)",0.0,false,"Dict{Symbol, Real}()",2,true,false,false
888e62c623fffff,1,0,-1,"[1, 1, 2, 1, 0, 1, 1, 2, 3, 1]",String[],"Main.Models.FleetSize(Distributions.Poisson{Float64}(λ=2.2230395918158874), 2, 0)",0.2906747930834881,false,"Dict{Symbol, Real}()",2,true,false,false
888e62c469fffff,1,0,-1,"[1, 1, 0, 1, 0, 2, 0, 2, 0, 1]",String[],"Main.Models.FleetSize(Distributions.Poisson{Float64}(λ=0.3453832176748503), 2, 0)",0.3767205905552533,false,"Dict{Symbol, Real}()",2,true,false,false
888e62c0e5fffff,1,0,-1,"[1, 2, 3, 0, 1, 1, 0, 0, 1, 3]",String[],"Main.Models.FleetSize(Distributions.Poisson{Float64}(λ=2.0961585048176956), 2, 0)",0.48675412727871425,false,"Dict{Symbol, Real}()",2,true,false,false
888e62d0a7fffff,3,0,-3,"[6, 6, 2, 3, 4, 4, 1, 3, 5, 3]",String[],"Main.Models.FleetSize(Distributions.Poisson{Float64}(λ=5.099962614193083), 5, 0)",0.0,false,"Dict{Symbol, Real}()",5,true,false,false
888e62c235fffff,1,0,-1,"[0, 4, 0, 1, 1, 2, 1, 2, 0, 1]",String[],"Main.Models.FleetSize(Distributions.Poisson{Float64}(λ=2.0961585048176956), 2, 0)",0.40567822402978415,false,"Dict{Symbol, Real}()",2,true,false,false
888e62c1e1fffff,1,0,-1,"[0, 2, 0, 0, 3, 4, 2, 2, 1, 1]",String[],"Main.Models.FleetSize(Distributions.Poisson{Float64}(λ=2.4740218871485844), 2, 0)",0.0,false,"Dict{Symbol, Real}()",2,true,false,false
888e62c2c1fffff,1,0,-1,"[0, 0, 2, 2, 2, 3, 2, 2, 0, 1]",String[],"Main.Models.FleetSize(Distributions.Poisson{Float64}(λ=2.3489621121835578), 2, 0)",0.2928684172665218,false,"Dict{Symbol, Real}()",2,true,false,false
888e621a6bfffff,1,0,-1,"[0, 3, 1, 1, 2, 0, 1, 0, 0, 2]",String[],"Main.Models.FleetSize(Distributions.Poisson{Float64}(λ=0.4795388696132434), 2, 0)",0.0,false,"Dict{Symbol, Real}()",2,true,false,false
888e62ced5fffff,1,0,-1,"[1, 0, 0, 2, 4, 1, 0, 0, 1, 0]",String[],"Main.Models.FleetSize(Distributions.Poisson{Float64}(λ=0.4115373097378334), 2, 0)",0.15300959148121607,false,"Dict{Symbol, Real}()",2,true,false,false
888e62c051fffff,1,0,-1,"[1, 1, 0, 1, 2, 2, 0, 0, 2, 0]",String[],"Main.Models.FleetSize(Distributions.Poisson{Float64}(λ=0.4115373097378334), 2, 0)",0.0,false,"Dict{Symbol, Real}()",2,true,false,false
888e62c263fffff,1,0,-1,"[0, 0, 0, 3, 1, 0, 1, 3, 1, 0]",String[],"Main.Models.FleetSize(Distributions.Poisson{Float64}(λ=0.4115373097378334), 2, 0)",0.0,false,"Dict{Symbol, Real}()",2,true,false,false
888e62ce99fffff,0,1,1,"[0, 0, 0, 0, 0, 0, 0, 0, 0, 0]",String[],"Main.Models.FleetSize(Distributions.Poisson{Float64}(λ=0.0), 0, 0)",NaN,false,"Dict{Symbol, Real}()",-1,false,true,false
888e62c11bfffff,0,1,1,"[0, 0, 0, 0, 0, 0, 0, 0, 0, 0]",String[],"Main.Models.FleetSize(Distributions.Poisson{Float64}(λ=0.0), 0, 0)",0.0,false,"Dict{Symbol, Real}()",-1,false,true,false
888e62c05dfffff,0,1,1,"[0, 0, 0, 0, 0, 0, 0, 0, 0, 0]",String[],"Main.Models.FleetSize(Distributions.Poisson{Float64}(λ=0.0), 0, 0)",0.1696300975712005,false,"Dict{Symbol, Real}()",-1,false,true,false
888e62c041fffff,0,1,1,"[0, 0, 0, 0, 0, 0, 0, 0, 0, 0]","[""888e62c041fffff"", ""888e62c04dfffff"", ""888e62c045fffff"", ""888e62c047fffff"", ""888e62c043fffff"", ""888e62c04bfffff"", ""888e62c049fffff""]","Main.Models.FleetSize(Distributions.Poisson{Float64}(λ=0.0), 0, 0)",0.27734586972472286,true,"Dict{Symbol, Real}(:safety_fleet => 0)",-1,false,true,false
888e62c74dfffff,0,1,1,"[0, 0, 0, 0, 0, 0, 0, 0, 0, 0]",String[],"Main.Models.FleetSize(Distributions.Poisson{Float64}(λ=0.0), 0, 0)",0.0,false,"Dict{Symbol, Real}()",-1,false,true,false
888e62c75bfffff,0,1,1,"[0, 0, 0, 0, 0, 0, 0, 0, 0, 0]",String[],"Main.Models.FleetSize(Distributions.Poisson{Float64}(λ=0.0), 0, 0)",0.2728492949512926,false,"Dict{Symbol, Real}()",-1,false,true,false
888e62c761fffff,0,1,1,"[0, 0, 0, 0, 0, 0, 0, 0, 0, 0]",String[],"Main.Models.FleetSize(Distributions.Poisson{Float64}(λ=0.0), 0, 0)",NaN,false,"Dict{Symbol, Real}()",-1,false,true,false
888e62c447fffff,0,1,1,"[0, 0, 0, 0, 0, 0, 0, 0, 0, 0]",String[],"Main.Models.FleetSize(Distributions.Poisson{Float64}(λ=0.0), 0, 0)",0.0,false,"Dict{Symbol, Real}()",-1,false,true,false
888e62c529fffff,0,2,2,"[0, 0, 0, 0, 0, 0, 0, 0, 0, 0]",String[],"Main.Models.FleetSize(Distributions.Poisson{Float64}(λ=0.0), 0, 0)",0.4891439647695319,false,"Dict{Symbol, Real}()",-2,false,true,false
888e62ce8bfffff,0,1,1,"[0, 0, 0, 0, 0, 0, 0, 0, 0, 0]",String[],"Main.Models.FleetSize(Distributions.Poisson{Float64}(λ=0.0), 0, 0)",0.0,false,"Dict{Symbol, Real}()",-1,false,true,false
888e62c72bfffff,0,1,1,"[0, 0, 0, 0, 0, 0, 0, 0, 0, 0]",String[],"Main.Models.FleetSize(Distributions.Poisson{Float64}(λ=0.0), 0, 0)",0.25366026112103923,false,"Dict{Symbol, Real}()",-1,false,true,false
888e62c5ebfffff,0,1,1,"[0, 0, 0, 0, 0, 0, 0, 0, 0, 0]",String[],"Main.Models.FleetSize(Distributions.Poisson{Float64}(λ=0.0), 0, 0)",0.0,false,"Dict{Symbol, Real}()",-1,false,true,false
888e62c439fffff,0,1,1,"[0, 0, 0, 0, 0, 0, 0, 0, 0, 0]",String[],"Main.Models.FleetSize(Distributions.Poisson{Float64}(λ=0.0), 0, 0)",NaN,false,"Dict{Symbol, Real}()",-1,false,true,false
888e62c0d1fffff,0,1,1,"[0, 0, 0, 0, 0, 0, 0, 0, 0, 0]",String[],"Main.Models.FleetSize(Distributions.Poisson{Float64}(λ=0.0), 0, 0)",NaN,false,"Dict{Symbol, Real}()",-1,false,true,false
888e62d5d5fffff,0,1,1,"[0, 0, 0, 0, 0, 0, 0, 0, 0, 0]",String[],"Main.Models.FleetSize(Distributions.Poisson{Float64}(λ=0.0), 0, 0)",NaN,false,"Dict{Symbol, Real}()",-1,false,true,false
888e62c0adfffff,0,2,2,"[0, 0, 0, 0, 0, 0, 0, 0, 0, 0]",String[],"Main.Models.FleetSize(Distributions.Poisson{Float64}(λ=0.0), 0, 0)",0.5263210520223944,false,"Dict{Symbol, Real}()",-2,false,true,false
888e62c705fffff,0,3,3,"[0, 0, 0, 0, 0, 0, 0, 0, 0, 0]",String[],"Main.Models.FleetSize(Distributions.Poisson{Float64}(λ=0.0), 0, 0)",0.0,false,"Dict{Symbol, Real}()",-3,false,true,false
888e62c0dbfffff,0,1,1,"[0, 0, 0, 0, 0, 0, 0, 0, 0, 0]",String[],"Main.Models.FleetSize(Distributions.Poisson{Float64}(λ=0.0), 0, 0)",0.0,false,"Dict{Symbol, Real}()",-1,false,true,false
888e62c5a1fffff,0,1,1,"[0, 0, 0, 0, 0, 0, 0, 0, 0, 0]",String[],"Main.Models.FleetSize(Distributions.Poisson{Float64}(λ=0.0), 0, 0)",NaN,false,"Dict{Symbol, Real}()",-1,false,true,false
888e62c587fffff,0,1,1,"[0, 0, 0, 0, 0, 0, 0, 0, 0, 0]",String[],"Main.Models.FleetSize(Distributions.Poisson{Float64}(λ=0.0), 0, 0)",NaN,false,"Dict{Symbol, Real}()",-1,false,true,false
888e62c763fffff,0,1,1,"[0, 0, 0, 0, 0, 0, 0, 0, 0, 0]",String[],"Main.Models.FleetSize(Distributions.Poisson{Float64}(λ=0.0), 0, 0)",NaN,false,"Dict{Symbol, Real}()",-1,false,true,false
888e62c093fffff,0,2,2,"[0, 0, 0, 0, 0, 0, 0, 0, 0, 0]",String[],"Main.Models.FleetSize(Distributions.Poisson{Float64}(λ=0.0), 0, 0)",0.5725516039729038,false,"Dict{Symbol, Real}()",-2,false,true,false
888e62c44dfffff,0,1,1,"[0, 0, 0, 0, 0, 0, 0, 0, 0, 0]",String[],"Main.Models.FleetSize(Distributions.Poisson{Float64}(λ=0.0), 0, 0)",0.0,false,"Dict{Symbol, Real}()",-1,false,true,false
888e62ce5bfffff,0,7,7,"[0, 0, 0, 0, 0, 0, 0, 0, 0, 0]","[""888e62ce5bfffff"", ""888e62ce59fffff"", ""888e62ce51fffff"", ""888e62ce53fffff"", ""888e62c52dfffff"", ""888e62c567fffff"", ""888e62c565fffff""]","Main.Models.FleetSize(Distributions.Poisson{Float64}(λ=0.0), 0, 0)",0.49530107261475875,true,"Dict{Symbol, Real}(:safety_fleet => 0)",-7,false,true,false
888e62d137fffff,0,1,1,"[0, 0, 0, 0, 0, 0, 0, 0, 0, 0]",String[],"Main.Models.FleetSize(Distributions.Poisson{Float64}(λ=0.0), 0, 0)",NaN,false,"Dict{Symbol, Real}()",-1,false,true,false
888e62c0edfffff,0,2,2,"[0, 0, 0, 0, 0, 0, 0, 0, 0, 0]",String[],"Main.Models.FleetSize(Distributions.Poisson{Float64}(λ=0.0), 0, 0)",0.46898840698526656,false,"Dict{Symbol, Real}()",-2,false,true,false
888e62c5c5fffff,0,1,1,"[0, 0, 0, 0, 0, 0, 0, 0, 0, 0]",String[],"Main.Models.FleetSize(Distributions.Poisson{Float64}(λ=0.0), 0, 0)",0.0,false,"Dict{Symbol, Real}()",-1,false,true,false
888e62c353fffff,0,2,2,"[0, 0, 0, 0, 0, 0, 0, 0, 0, 0]",String[],"Main.Models.FleetSize(Distributions.Poisson{Float64}(λ=0.0), 0, 0)",0.0,false,"Dict{Symbol, Real}()",-2,false,true,false
888e62c55dfffff,0,1,1,"[0, 0, 0, 0, 0, 0, 0, 0, 0, 0]",String[],"Main.Models.FleetSize(Distributions.Poisson{Float64}(λ=0.0), 0, 0)",0.46961623710056255,false,"Dict{Symbol, Real}()",-1,false,true,false
888e62c615fffff,0,1,1,"[0, 0, 0, 0, 0, 0, 0, 0, 0, 0]",String[],"Main.Models.FleetSize(Distributions.Poisson{Float64}(λ=0.0), 0, 0)",NaN,false,"Dict{Symbol, Real}()",-1,false,true,false
888e62d0ebfffff,0,1,1,"[0, 0, 0, 0, 0, 0, 0, 0, 0, 0]",String[],"Main.Models.FleetSize(Distributions.Poisson{Float64}(λ=0.0), 0, 0)",NaN,false,"Dict{Symbol, Real}()",-1,false,true,false
888e62c5edfffff,0,4,4,"[0, 0, 0, 0, 0, 0, 0, 0, 0, 0]",String[],"Main.Models.FleetSize(Distributions.Poisson{Float64}(λ=0.0), 0, 0)",0.4833650984030502,false,"Dict{Symbol, Real}()",-4,false,true,false
888e62d587fffff,0,1,1,"[0, 0, 0, 0, 0, 0, 0, 0, 0, 0]",String[],"Main.Models.FleetSize(Distributions.Poisson{Float64}(λ=0.0), 0, 0)",NaN,false,"Dict{Symbol, Real}()",-1,false,true,false
888e62d595fffff,0,1,1,"[0, 0, 0, 0, 0, 0, 0, 0, 0, 0]",String[],"Main.Models.FleetSize(Distributions.Poisson{Float64}(λ=0.0), 0, 0)",0.26310510632074435,false,"Dict{Symbol, Real}()",-1,false,true,false
888e62c19dfffff,0,2,2,"[0, 0, 0, 0, 0, 0, 0, 0, 0, 0]",String[],"Main.Models.FleetSize(Distributions.Poisson{Float64}(λ=0.0), 0, 0)",NaN,false,"Dict{Symbol, Real}()",-2,false,true,false
888e62c2a1fffff,0,2,2,"[0, 0, 0, 0, 0, 0, 0, 0, 0, 0]",String[],"Main.Models.FleetSize(Distributions.Poisson{Float64}(λ=0.0), 0, 0)",NaN,false,"Dict{Symbol, Real}()",-2,false,true,false
888e62c0bdfffff,0,3,3,"[0, 0, 0, 0, 0, 0, 0, 0, 0, 0]",String[],"Main.Models.FleetSize(Distributions.Poisson{Float64}(λ=0.0), 0, 0)",0.5504655714132665,false,"Dict{Symbol, Real}()",-3,false,true,false
888e62c057fffff,0,1,1,"[0, 0, 0, 0, 0, 0, 0, 0, 0, 0]",String[],"Main.Models.FleetSize(Distributions.Poisson{Float64}(λ=0.0), 0, 0)",0.0,false,"Dict{Symbol, Real}()",-1,false,true,false
888e62d593fffff,0,2,2,"[0, 0, 0, 0, 0, 0, 0, 0, 0, 0]",String[],"Main.Models.FleetSize(Distributions.Poisson{Float64}(λ=0.0), 0, 0)",0.0,false,"Dict{Symbol, Real}()",-2,false,true,false
888e62ce83fffff,0,1,1,"[0, 0, 0, 0, 0, 0, 0, 0, 0, 0]",String[],"Main.Models.FleetSize(Distributions.Poisson{Float64}(λ=0.0), 0, 0)",NaN,false,"Dict{Symbol, Real}()",-1,false,true,false
888e62c189fffff,0,2,2,"[0, 0, 0, 0, 0, 0, 0, 0, 0, 0]",String[],"Main.Models.FleetSize(Distributions.Poisson{Float64}(λ=0.0), 0, 0)",0.2558466059042527,false,"Dict{Symbol, Real}()",-2,false,true,false
888e62c295fffff,0,1,1,"[0, 0, 0, 0, 0, 0, 0, 0, 0, 0]",String[],"Main.Models.FleetSize(Distributions.Poisson{Float64}(λ=0.0), 0, 0)",NaN,false,"Dict{Symbol, Real}()",-1,false,true,false
888e62c33bfffff,0,2,2,"[0, 0, 0, 0, 0, 0, 0, 0, 0, 0]",String[],"Main.Models.FleetSize(Distributions.Poisson{Float64}(λ=0.0), 0, 0)",NaN,false,"Dict{Symbol, Real}()",-2,false,true,false
888e62c74bfffff,0,1,1,"[0, 0, 0, 0, 0, 0, 0, 0, 0, 0]",String[],"Main.Models.FleetSize(Distributions.Poisson{Float64}(λ=0.0), 0, 0)",0.29218453950976564,false,"Dict{Symbol, Real}()",-1,false,true,false
888e62c03dfffff,0,1,1,"[0, 0, 0, 0, 0, 0, 0, 0, 0, 0]",String[],"Main.Models.FleetSize(Distributions.Poisson{Float64}(λ=0.0), 0, 0)",0.0,false,"Dict{Symbol, Real}()",-1,false,true,false
888e62c519fffff,0,1,1,"[0, 0, 0, 0, 0, 0, 0, 0, 0, 0]",String[],"Main.Models.FleetSize(Distributions.Poisson{Float64}(λ=0.0), 0, 0)",0.0,false,"Dict{Symbol, Real}()",-1,false,true,false
888e62ced9fffff,0,1,1,"[0, 0, 0, 0, 0, 0, 0, 0, 0, 0]","[""888e62ced9fffff"", ""888e62c537fffff"", ""888e62ceddfffff"", ""888e62ced1fffff"", ""888e62cedbfffff"", ""888e62c5e5fffff"", ""888e62c533fffff""]","Main.Models.FleetSize(Distributions.Poisson{Float64}(λ=0.0), 0, 0)",0.33054767366246973,true,"Dict{Symbol, Real}(:safety_fleet => 0)",-1,false,true,false
888e621a0dfffff,0,1,1,"[0, 0, 0, 0, 0, 0, 0, 0, 0, 0]",String[],"Main.Models.FleetSize(Distributions.Poisson{Float64}(λ=0.0), 0, 0)",0.0,false,"Dict{Symbol, Real}()",-1,false,true,false
888e62c13bfffff,0,1,1,"[0, 0, 0, 0, 0, 0, 0, 0, 0, 0]",String[],"Main.Models.FleetSize(Distributions.Poisson{Float64}(λ=0.0), 0, 0)",NaN,false,"Dict{Symbol, Real}()",-1,false,true,false
888e62c513fffff,0,2,2,"[0, 0, 0, 0, 0, 0, 0, 0, 0, 0]",String[],"Main.Models.FleetSize(Distributions.Poisson{Float64}(λ=0.0), 0, 0)",0.29243968091772776,false,"Dict{Symbol, Real}()",-2,false,true,false
888e62c715fffff,0,1,1,"[0, 0, 0, 0, 0, 0, 0, 0, 0, 0]",String[],"Main.Models.FleetSize(Distributions.Poisson{Float64}(λ=0.0), 0, 0)",0.48052054457035676,false,"Dict{Symbol, Real}()",-1,false,true,false
888e62d481fffff,0,1,1,"[0, 0, 0, 0, 0, 0, 0, 0, 0, 0]",String[],"Main.Models.FleetSize(Distributions.Poisson{Float64}(λ=0.0), 0, 0)",0.0,false,"Dict{Symbol, Real}()",-1,false,true,false
888e62d0e9fffff,0,1,1,"[0, 0, 0, 0, 0, 0, 0, 0, 0, 0]",String[],"Main.Models.FleetSize(Distributions.Poisson{Float64}(λ=0.0), 0, 0)",NaN,false,"Dict{Symbol, Real}()",-1,false,true,false
888e62c199fffff,0,2,2,"[0, 0, 0, 0, 0, 0, 0, 0, 0, 0]",String[],"Main.Models.FleetSize(Distributions.Poisson{Float64}(λ=0.0), 0, 0)",0.35376221899880633,false,"Dict{Symbol, Real}()",-2,false,true,false
888e62c1d9fffff,0,1,1,"[0, 0, 0, 0, 0, 0, 0, 0, 0, 0]",String[],"Main.Models.FleetSize(Distributions.Poisson{Float64}(λ=0.0), 0, 0)",0.478990964829209,false,"Dict{Symbol, Real}()",-1,false,true,false
888e62c1edfffff,0,1,1,"[0, 0, 0, 0, 0, 0, 0, 0, 0, 0]",String[],"Main.Models.FleetSize(Distributions.Poisson{Float64}(λ=0.0), 0, 0)",0.0,false,"Dict{Symbol, Real}()",-1,false,true,false
888e62c21dfffff,0,1,1,"[0, 0, 0, 0, 0, 0, 0, 0, 0, 0]",String[],"Main.Models.FleetSize(Distributions.Poisson{Float64}(λ=0.0), 0, 0)",NaN,false,"Dict{Symbol, Real}()",-1,false,true,false
888e62c709fffff,0,2,2,"[0, 0, 0, 0, 0, 0, 0, 0, 0, 0]",String[],"Main.Models.FleetSize(Distributions.Poisson{Float64}(λ=0.0), 0, 0)",0.40191257608598463,false,"Dict{Symbol, Real}()",-2,false,true,false
888e62d19bfffff,0,1,1,"[0, 0, 0, 0, 0, 0, 0, 0, 0, 0]",String[],"Main.Models.FleetSize(Distributions.Poisson{Float64}(λ=0.0), 0, 0)",0.2865173777812201,false,"Dict{Symbol, Real}()",-1,false,true,false
888e62c2b7fffff,0,1,1,"[0, 0, 0, 0, 0, 0, 0, 0, 0, 0]",String[],"Main.Models.FleetSize(Distributions.Poisson{Float64}(λ=0.0), 0, 0)",NaN,false,"Dict{Symbol, Real}()",-1,false,true,false
888e62c465fffff,0,1,1,"[0, 0, 0, 0, 0, 0, 0, 0, 0, 0]",String[],"Main.Models.FleetSize(Distributions.Poisson{Float64}(λ=0.0), 0, 0)",0.3510096304856648,false,"Dict{Symbol, Real}()",-1,false,true,false
888e62c713fffff,0,1,1,"[0, 0, 0, 0, 0, 0, 0, 0, 0, 0]","[""888e62c713fffff"", ""888e62c711fffff"", ""888e62c717fffff"", ""888e62c469fffff"", ""888e62c445fffff"", ""888e62c44dfffff"", ""888e62c71bfffff""]","Main.Models.FleetSize(Distributions.Poisson{Float64}(λ=0.0), 0, 0)",0.3074173309135614,true,"Dict{Symbol, Real}(:safety_fleet => 0)",-1,false,true,false
888e62c551fffff,0,1,1,"[0, 0, 0, 0, 0, 0, 0, 0, 0, 0]",String[],"Main.Models.FleetSize(Distributions.Poisson{Float64}(λ=0.0), 0, 0)",0.3473579991308561,false,"Dict{Symbol, Real}()",-1,false,true,false
888e62c53dfffff,0,1,1,"[0, 0, 0, 0, 0, 0, 0, 0, 0, 0]",String[],"Main.Models.FleetSize(Distributions.Poisson{Float64}(λ=0.0), 0, 0)",0.2228492475803393,false,"Dict{Symbol, Real}()",-1,false,true,false
888e62c2c9fffff,0,1,1,"[0, 0, 0, 0, 0, 0, 0, 0, 0, 0]",String[],"Main.Models.FleetSize(Distributions.Poisson{Float64}(λ=0.0), 0, 0)",0.0,false,"Dict{Symbol, Real}()",-1,false,true,false
888e62c755fffff,0,1,1,"[0, 0, 0, 0, 0, 0, 0, 0, 0, 0]",String[],"Main.Models.FleetSize(Distributions.Poisson{Float64}(λ=0.0), 0, 0)",0.47826872571019297,false,"Dict{Symbol, Real}()",-1,false,true,false
888e62c73dfffff,0,1,1,"[0, 0, 0, 0, 0, 0, 0, 0, 0, 0]",String[],"Main.Models.FleetSize(Distributions.Poisson{Float64}(λ=0.0), 0, 0)",0.3929654754378039,false,"Dict{Symbol, Real}()",-1,false,true,false
888e62c089fffff,0,1,1,"[0, 0, 0, 0, 0, 0, 0, 0, 0, 0]","[""888e62c089fffff"", ""888e62c0c7fffff"", ""888e62c08dfffff"", ""888e62c081fffff"", ""888e62c08bfffff"", ""888e62c0d5fffff"", ""888e62c0c3fffff""]","Main.Models.FleetSize(Distributions.Poisson{Float64}(λ=0.0), 0, 0)",0.3971154241555289,true,"Dict{Symbol, Real}(:safety_fleet => 0)",-1,false,true,false
888e62c729fffff,0,2,2,"[0, 0, 0, 0, 0, 0, 0, 0, 0, 0]","[""888e62c729fffff"", ""888e62c767fffff"", ""888e62c72dfffff"", ""888e62c721fffff"", ""888e62c72bfffff"", ""888e62c705fffff"", ""888e62c763fffff""]","Main.Models.FleetSize(Distributions.Poisson{Float64}(λ=0.0), 0, 0)",0.28048915438908006,true,"Dict{Symbol, Real}(:safety_fleet => 0)",-2,false,true,false
888e62d5a3fffff,0,1,1,"[0, 0, 0, 0, 0, 0, 0, 0, 0, 0]",String[],"Main.Models.FleetSize(Distributions.Poisson{Float64}(λ=0.0), 0, 0)",NaN,false,"Dict{Symbol, Real}()",-1,false,true,false
888e62c723fffff,0,1,1,"[0, 0, 0, 0, 0, 0, 0, 0, 0, 0]",String[],"Main.Models.FleetSize(Distributions.Poisson{Float64}(λ=0.0), 0, 0)",0.41991066311086744,false,"Dict{Symbol, Real}()",-1,false,true,false
888e62c2a3fffff,0,1,1,"[0, 0, 0, 0, 0, 0, 0, 0, 0, 0]",String[],"Main.Models.FleetSize(Distributions.Poisson{Float64}(λ=0.0), 0, 0)",0.0,false,"Dict{Symbol, Real}()",-1,false,true,false
888e62c553fffff,0,2,2,"[0, 0, 0, 0, 0, 0, 0, 0, 0, 0]",String[],"Main.Models.FleetSize(Distributions.Poisson{Float64}(λ=0.0), 0, 0)",0.0,false,"Dict{Symbol, Real}()",-2,false,true,false
888e62c58dfffff,0,2,2,"[0, 0, 0, 0, 0, 0, 0, 0, 0, 0]",String[],"Main.Models.FleetSize(Distributions.Poisson{Float64}(λ=0.0), 0, 0)",NaN,false,"Dict{Symbol, Real}()",-2,false,true,false
888e62c311fffff,0,1,1,"[0, 0, 0, 0, 0, 0, 0, 0, 0, 0]",String[],"Main.Models.FleetSize(Distributions.Poisson{Float64}(λ=0.0), 0, 0)",NaN,false,"Dict{Symbol, Real}()",-1,false,true,false
888e62c027fffff,0,1,1,"[0, 0, 0, 0, 0, 0, 0, 0, 0, 0]",String[],"Main.Models.FleetSize(Distributions.Poisson{Float64}(λ=0.0), 0, 0)",0.0,false,"Dict{Symbol, Real}()",-1,false,true,false
888e62c1e9fffff,0,1,1,"[0, 0, 0, 0, 0, 0, 0, 0, 0, 0]",String[],"Main.Models.FleetSize(Distributions.Poisson{Float64}(λ=0.0), 0, 0)",0.2228492475803393,false,"Dict{Symbol, Real}()",-1,false,true,false
888e62c26bfffff,0,1,1,"[0, 0, 0, 0, 0, 0, 0, 0, 0, 0]",String[],"Main.Models.FleetSize(Distributions.Poisson{Float64}(λ=0.0), 0, 0)",0.0,false,"Dict{Symbol, Real}()",-1,false,true,false
888e62d00dfffff,0,1,1,"[0, 0, 0, 0, 0, 0, 0, 0, 0, 0]",String[],"Main.Models.FleetSize(Distributions.Poisson{Float64}(λ=0.0), 0, 0)",NaN,false,"Dict{Symbol, Real}()",-1,false,true,false
888e62c01bfffff,0,1,1,"[0, 0, 0, 0, 0, 0, 0, 0, 0, 0]",String[],"Main.Models.FleetSize(Distributions.Poisson{Float64}(λ=0.0), 0, 0)",NaN,false,"Dict{Symbol, Real}()",-1,false,true,false
888e62d5b9fffff,0,1,1,"[0, 0, 0, 0, 0, 0, 0, 0, 0, 0]",String[],"Main.Models.FleetSize(Distributions.Poisson{Float64}(λ=0.0), 0, 0)",0.0,false,"Dict{Symbol, Real}()",-1,false,true,false
888e62ce9dfffff,0,2,2,"[0, 0, 0, 0, 0, 0, 0, 0, 0, 0]",String[],"Main.Models.FleetSize(Distributions.Poisson{Float64}(λ=0.0), 0, 0)",NaN,false,"Dict{Symbol, Real}()",-2,false,true,false
888e62c627fffff,0,1,1,"[0, 0, 0, 0, 0, 0, 0, 0, 0, 0]",String[],"Main.Models.FleetSize(Distributions.Poisson{Float64}(λ=0.0), 0, 0)",0.0,false,"Dict{Symbol, Real}()",-1,false,true,false
888e62c501fffff,0,1,1,"[0, 0, 0, 0, 0, 0, 0, 0, 0, 0]",String[],"Main.Models.FleetSize(Distributions.Poisson{Float64}(λ=0.0), 0, 0)",0.5435286520929146,false,"Dict{Symbol, Real}()",-1,false,true,false
888e62c75dfffff,0,1,1,"[0, 0, 0, 0, 0, 0, 0, 0, 0, 0]",String[],"Main.Models.FleetSize(Distributions.Poisson{Float64}(λ=0.0), 0, 0)",0.28968995843086265,false,"Dict{Symbol, Real}()",-1,false,true,false
888e62c5e3fffff,0,1,1,"[0, 0, 0, 0, 0, 0, 0, 0, 0, 0]",String[],"Main.Models.FleetSize(Distributions.Poisson{Float64}(λ=0.0), 0, 0)",NaN,false,"Dict{Symbol, Real}()",-1,false,true,false
888e62c735fffff,0,1,1,"[0, 0, 0, 0, 0, 0, 0, 0, 0, 0]",String[],"Main.Models.FleetSize(Distributions.Poisson{Float64}(λ=0.0), 0, 0)",0.44235127794211393,false,"Dict{Symbol, Real}()",-1,false,true,false
888e62c119fffff,0,1,1,"[0, 0, 0, 0, 0, 0, 0, 0, 0, 0]",String[],"Main.Models.FleetSize(Distributions.Poisson{Float64}(λ=0.0), 0, 0)",NaN,false,"Dict{Symbol, Real}()",-1,false,true,false
888e62c113fffff,0,1,1,"[0, 0, 0, 0, 0, 0, 0, 0, 0, 0]",String[],"Main.Models.FleetSize(Distributions.Poisson{Float64}(λ=0.0), 0, 0)",0.19203322118155175,false,"Dict{Symbol, Real}()",-1,false,true,false
888e62c589fffff,0,1,1,"[0, 0, 0, 0, 0, 0, 0, 0, 0, 0]",String[],"Main.Models.FleetSize(Distributions.Poisson{Float64}(λ=0.0), 0, 0)",NaN,false,"Dict{Symbol, Real}()",-1,false,true,false
888e62ced7fffff,0,1,1,"[0, 0, 0, 0, 0, 0, 0, 0, 0, 0]",String[],"Main.Models.FleetSize(Distributions.Poisson{Float64}(λ=0.0), 0, 0)",0.0,false,"Dict{Symbol, Real}()",-1,false,true,false
888e62c18bfffff,0,1,1,"[0, 0, 0, 0, 0, 0, 0, 0, 0, 0]",String[],"Main.Models.FleetSize(Distributions.Poisson{Float64}(λ=0.0), 0, 0)",0.0,false,"Dict{Symbol, Real}()",-1,false,true,false
888e62c1c7fffff,0,1,1,"[0, 0, 0, 0, 0, 0, 0, 0, 0, 0]",String[],"Main.Models.FleetSize(Distributions.Poisson{Float64}(λ=0.0), 0, 0)",0.3719153312782908,false,"Dict{Symbol, Real}()",-1,false,true,false
888e62d1bbfffff,0,1,1,"[0, 0, 0, 0, 0, 0, 0, 0, 0, 0]",String[],"Main.Models.FleetSize(Distributions.Poisson{Float64}(λ=0.0), 0, 0)",0.0,false,"Dict{Symbol, Real}()",-1,false,true,false
